Core.log.01.gz,2021.08.13 04:13:07
Core.log.01.gz,2021.08.13 04:13:07
Core.log.01.gz,2021.08.13 04:13:07
Core.log.01.gz,2021.08.13 04:13:07
Core.log.01.gz,2021.08.13 04:13:07
Core.log.01.gz,2021.08.13 04:13:07
Core.log.01.gz,2021.08.13 04:13:07
Core.log.01.gz,2021.08.13 04:13:07
Core.log.01.gz,2021.08.13 04:13:07
Core.log.01.gz,2021.08.13 04:13:07

Core.log.01.gz,2021.08.13 04:14:07
Core.log.01.gz,2021.08.13 04:14:07
Core.log.01.gz,2021.08.13 04:14:07
Core.log.01.gz,2021.08.13 04:14:07
Core.log.01.gz,2021.08.13 04:14:07
Core.log.01.gz,2021.08.13 04:14:07
Core.log.01.gz,2021.08.13 04:14:07
Core.log.01.gz,2021.08.13 04:14:07
Core.log.01.gz,2021.08.13 04:14:07
Core.log.01.gz,2021.08.13 04:14:07

Core.log.01.gz,2021.08.13 04:15:07
Core.log.01.gz,2021.08.13 04:15:07
Core.log.01.gz,2021.08.13 04:15:07
Core.log.01.gz,2021.08.13 04:15:07
Core.log.01.gz,2021.08.13 04:15:07
Core.log.01.gz,2021.08.13 04:15:07
Core.log.01.gz,2021.08.13 04:15:07
Core.log.01.gz,2021.08.13 04:15:07,sfsfdfdf
Core.log.01.gz,2021.08.13 04:15:07
Core.log.01.gz,2021.08.13 04:15:07

Core.log.01.gz,2021.08.13 04:16:07
Core.log.01.gz,2021.08.13 04:16:07
Core.log.01.gz,2021.08.13 04:16:07
Core.log.01.gz,2021.08.13 04:16:07
Core.log.01.gz,2021.08.13 04:16:07
Core.log.01.gz,2021.08.13 04:16:07
Core.log.01.gz,2021.08.13 04:16:07
Core.log.01.gz,2021.08.13 04:16:07
Core.log.01.gz,2021.08.13 04:16:07
Core.log.01.gz,2021.08.13 04:16:07

Core.log.01.gz,2021.08.13 04:17:07
Core.log.01.gz,2021.08.13 04:17:07
Core.log.01.gz,2021.08.13 04:17:07
Core.log.01.gz,2021.08.13 04:17:07
Core.log.01.gz,2021.08.13 04:17:07
Core.log.01.gz,2021.08.13 04:17:07
Core.log.01.gz,2021.08.13 04:17:07
Core.log.01.gz,2021.08.13 04:17:07
Core.log.01.gz,2021.08.13 04:17:07
Core.log.01.gz,2021.08.13 04:17:07

Core.log.01.gz,2021.08.13 04:17:07.434
